{
  "hash": "2751eeaf",
  "configHash": "04a34e05",
  "lockfileHash": "1550473a",
  "browserHash": "d411caa6",
  "optimized": {
    "@angular/common": {
      "src": "../../../../../../node_modules/@angular/common/fesm2022/common.mjs",
      "file": "@angular_common.js",
      "fileHash": "219ad06c",
      "needsInterop": false
    },
    "@angular/common/http": {
      "src": "../../../../../../node_modules/@angular/common/fesm2022/http.mjs",
      "file": "@angular_common_http.js",
      "fileHash": "5eded47d",
      "needsInterop": false
    },
    "@angular/core": {
      "src": "../../../../../../node_modules/@angular/core/fesm2022/core.mjs",
      "file": "@angular_core.js",
      "fileHash": "80a3bb76",
      "needsInterop": false
    },
    "@angular/forms": {
      "src": "../../../../../../node_modules/@angular/forms/fesm2022/forms.mjs",
      "file": "@angular_forms.js",
      "fileHash": "9d0ba9e2",
      "needsInterop": false
    },
    "@angular/platform-browser": {
      "src": "../../../../../../node_modules/@angular/platform-browser/fesm2022/platform-browser.mjs",
      "file": "@angular_platform-browser.js",
      "fileHash": "8cf04844",
      "needsInterop": false
    },
    "@angular/router": {
      "src": "../../../../../../node_modules/@angular/router/fesm2022/router.mjs",
      "file": "@angular_router.js",
      "fileHash": "b4e27acf",
      "needsInterop": false
    }
  },
  "chunks": {
    "chunk-SVT75VRR": {
      "file": "chunk-SVT75VRR.js"
    },
    "chunk-POP23RYG": {
      "file": "chunk-POP23RYG.js"
    },
    "chunk-DNRGEACW": {
      "file": "chunk-DNRGEACW.js"
    },
    "chunk-OUSM42MY": {
      "file": "chunk-OUSM42MY.js"
    },
    "chunk-LZCZ3JPG": {
      "file": "chunk-LZCZ3JPG.js"
    }
  }
}